<?xml version="1.0" encoding="UTF-8"?>
<project-private xmlns="http://www.netbeans.org/ns/project-private/1">
    <editor-bookmarks xmlns="http://www.netbeans.org/ns/editor-bookmarks/2" lastBookmarkId="0"/>
    <open-files xmlns="http://www.netbeans.org/ns/projectui-open-files/2">
        <group>
            <file>file:/Users/Natnaree/DSSProject2/GUI_DSS_1/src/X2_dssgrade.java</file>
            <file>file:/Users/Natnaree/DSSProject2/GUI_DSS_1/src/dsshome.java</file>
            <file>file:/Users/Natnaree/DSSProject2/GUI_DSS_1/src/X3_dssweakness.java</file>
            <file>file:/Users/Natnaree/DSSProject2/GUI_DSS_1/src/X4_dssresult.java</file>
            <file>file:/Users/Natnaree/DSSProject2/GUI_DSS_1/src/WeaknessScore.java</file>
            <file>file:/Users/Natnaree/DSSProject2/GUI_DSS_1/src/Data.java</file>
        </group>
    </open-files>
</project-private>
